sample_name	barcode
#q2:types	categorical
10317.000002929	AAGCCTCTACGA
10317.000002930	ACCCGGATTTCG
10317.000003283	GTCTGACGGTCT
10317.000004079	AGACACCAATGT
10317.000016169	CAACTTAATGTT
10317.000016493	AGTTTGCGAGAT
10317.000017138	CTATCTCCTGTC
10317.000017758	AGGAATACTCAC
10317.000017759	CACTTGCTCTCT
10317.000020353	ATTATGATTATG
10317.000021985	AGTATCATATAT
10317.000022433	GGTAATAGAGTT
10317.000022952	ACGACCTACGCT
10317.000023515	AGAGGAGTCGAC
10317.000023528	GCGCTTAGAATA
10317.000026047	GAGAAGCTTATA
10317.000026048	GCTGCGTATACC
10317.000026499	GTGTAATGTAGA
10317.000026517	TAACCACCAACG
10317.000027282	AGAATCCACCAC
10317.000027814	CAGTAGCGATAT
10317.000027853	CACATTCTATAA
10317.000027887	AGCTTCGACAGT
10317.000027918	GCATGTCGAAAT
10317.000027920	TACTAGATATTA
10317.000028233	ATAAACGGACAT
10317.000028581	TACTGAGCCTCG
10317.000028652	GCAGAGAGGCTA
10317.000028654	CATTTACATCAC
10317.000028904	TACTTAAACATC
10317.000028905	ATGTATCAATTA
10317.000029468	AGTCTTAAAGGA
10317.000029582	GTTGAAGCACCT
10317.000030145	AATCTCTATAAC
10317.000030255	TCTTAAGATTTG
10317.000030366	CTCCGAACAACA
10317.000030382	AGGACGCCAGCA
10317.000030383	CCGCATGACCTA
10317.000030384	ATCACATTCTCC
10317.000030466	AATGACCTCGTG
10317.000030469	AGATGCAATGAT
10317.000030471	CAGGCCACTCTC
10317.000031189	TACGGTCTGGAT
10317.000031556	AGGGAGCTTCGG
10317.000031596	TCGTTGGGACTA
10317.000031597	TATATAGTATCC
10317.000031598	GTGCAACCAATC
10317.000032650	AACGGGCGACGT
10317.000032653	TATGGGTAGCTA
10317.000032654	AGACTATTTCAT
10317.000032735	TACTGTACTGTT
10317.000033144	GTAAACGACTTG
10317.000033145	GTGAGGGCAAGT
10317.000033146	ACTTAGACTCTT
10317.000033225	GCGTTAACCCAA
10317.000033294	CGGCCTAAGTTC
10317.000033295	CTCATCATGTTC
10317.000033296	AGGTGAGTTCTA
10317.000033297	CGCTAGGATGTT
10317.000033318	CGATATCAGTAG
10317.000033333	ATGTTAGGGAAT
10317.000033483	CGTGGCTTTCCG
10317.000033484	ACAAAGGTATCA
10317.000033701	GAGGCAAACGCC
10317.000033783	CACAACCACAAC
10317.000034151	AGTTCTCATTAA
10317.000035401	CGGCGATGAAAG
10317.000035402	TCGATAAGTAAG
10317.000035414	TTCACGCGCCCA
10317.000035427	GGCGTAACGGCA
10317.000035761	TACCTGTGTCTT
10317.000035768	AGTAATAACAAG
10317.000036170	GTTGTTCTGGGA
10317.000036403	GAAGATCTATCG
10317.000036405	AGCCAGTCATAC
10317.000036431	ATCGCCGCCTTG
10317.000036924	GTCCCAGTCCCA
10317.000036938	AATCATTTGTAA
10317.000036950	CCGAAACGGAGC
10317.000036975	ATTAATGAAGCG
10317.000037516	CATTTGACGACG
10317.000037586	ATAAAGAGGAGG
10317.000037588	TCATGTGAACGA
10317.000037929	GCGGTCGGTCAG
10317.000037933	CCTATTGCGGCC
10317.000037960	ATGCCGGTAATA
10317.000037978	AGCGGTAGCGGT
10317.000037986	CTAGAGCTCCCA
10317.000038019	GTGGGACTGCGC
10317.000038044	TTATCCAGTCCT
10317.000038076	GACGTTAAGAAT
10317.000038081	GATAGCACTCGT
10317.000038111	TAGGTCTAGGTC
10317.000038201	TCTACATACATA
10317.000038229	TCAAGCAATACG
10317.000038251	ATAGTTAGGGCT
10317.000038307	CTTCTTCGCCCT
10317.000038316	AGTACGCAGTCT
10317.000038323	CACAGTTGAAGT
10317.000038324	CGGATCTAGTGT
10317.000039871	TTCGACTAATAT
10317.000039912	AATATCGGGATC
10317.000039913	GTAAATTCAGGC
10317.000039980	CCACTCTCTCTA
10317.000039984	TAGGCATGCTTG
10317.000040063	CGGTAGTTGATC
10317.000040469	CATGAGACTGTA
10317.000040490	CCAGGGACTTCT
10317.000041592	TCAAGATCAAGA
10317.000041643	GAGGCGCCATAG
10317.000041678	ATTGCCTTGATT
10317.000041702	GATTCTTTAGAT
10317.000041730	CAAATGGTCGTC
10317.000041781	CGTGTTATGTGG
10317.000041956	ACCTATGGTGAA
10317.000042549	CCAGGACAGGAA
10317.000042590	CTGTTACAGCGA
10317.000042635	CACTAGACCCAC
10317.000042644	CTGGTAAGTCCA
10317.000042655	GGACTTCCAGCT
10317.000042660	TAGCGACCTCAC
10317.000042697	TAGGCGGTAGGC
10317.000042701	ACACGTTTGGGT
10317.000042709	GCTAGTTATGGA
10317.000042722	GCTGAGCCTTTG
10317.000042724	ATAACGGTGTAC
10317.000042725	GTCTCCTCCCTT
10317.000042749	AACGCTTCTTAT
10317.000042845	GAATGCGTATAA
10317.000042846	CATAAATTCTTG
10317.000042847	ATAGACACTCCG
10317.000042865	TGTATGCTTCTA
10317.000042969	AAGTGCTTGGTA
10317.000042995	ACTGTTTACTGT
10317.000044252	TTGCCGCTCTGG
10317.000044292	GTCGCTTGCACA
10317.000044340	CCGCAGCCGCAG
10317.000044423	ATGGGACCTTCA
10317.000044543	TCGCTACAGATG
10317.000044550	GGCCCTGTGGGC
10317.000044555	AAGCTAAAGCTA
10317.000045012	GCCCTTCCCGTG
10317.000045018	AACTTTCAGGAG
10317.000046093	TGACGAGGGCTG
10317.000046106	AGGGTGACTTTA
10317.000046121	TATTCTACATGA
10317.000046186	TCGTAGTAATGG
10317.000046201	TCCGATAATCGG
10317.000046215	GCCTTACGATAG
10317.000046269	CAATGTAGACAC
10317.000046270	GAGAGGGATCAC
10317.000046271	CATTCAGTTATA
10317.000046274	GAGAATGGAAAG
10317.000046290	CGAGTATACAAC
10317.000046292	TCATCTTGATTG
10317.000046293	TCTACGGCACGT
10317.000046294	CGTTCGCTAGCC
10317.000046295	GCACGCGAGCAC
10317.000046301	GCCGCGGGATCA
10317.000046305	ACATAGCGGTTC
10317.000046306	AATAAGCAATAG
10317.000046308	CTGAGGCCCTTC
10317.000046317	CCATAGGAGGCG
10317.000046321	CGGGTCCTCTTG
10317.000046326	TGTGCTTGTAGG
10317.000046332	TCCGTGGTATAG
10317.000046333	GGACAAGTGCGA
10317.000046336	ATACCGTCTTTC
10317.000046337	GTGGGCGGCCCT
10317.000046342	TATGCTCTCTCA
10317.000046344	ACACTCATTACT
10317.000046345	GTTGGGATCCTC
10317.000046346	CAGAAATGTGTC
10317.000046355	AGTTGTAGTCCG
10317.000046375	TCTTCGCAGCAG
10317.000046383	ATGCGCCCGTAT
10317.000046385	CATGAACAGTGT
10317.000047140	ACATGGGCGGAA
10317.000047141	TTGCGACAAAGT
10317.000047142	TCAGTCAGATGA
10317.000047151	TAGTGTCGGATC
10317.000047166	AGTTATTCTAGT
10317.000047167	CAACGAACCATC
10317.000047176	CTTACACTGCTT
10317.000047183	ACGCTCCCATCG
10317.000047196	CAGATCCCAACC
10317.000047197	TCTCCTAGGCGC
10317.000047201	ACTGCCCGATAC
10317.000047218	AACGATCATAGA
10317.000047220	GAGTCTTGGTAA
10317.000047221	ACCAGAAATGTC
10317.000047228	CTTCGCGGATGT
10317.000047229	GAGCCCAAAGAG
10317.000047230	CTCCCGAGCTCC
10317.000047232	GATCCGGCAGGA
10317.000047237	AGCAACATTGCA
10317.000047368	ATTTGAAGAGGT
10317.000047370	GTTAGGGAGCGA
10317.000047380	TCTTCCTAAAGT
10317.000047381	ACTCACAGGAAT
10317.000047386	ATGTTCCTCATC
10317.000047397	ATACTGAGTGAA
10317.000047401	AAGGTGGACAAG
10317.000047403	CGTTTATCCGTT
10317.000047404	GCATCGTCTGGT
10317.000047411	CTGTACTTCTAA
10317.000047455	TATAGAAGAATG
10317.000047588	GCTTATTGCTTA
10317.000047591	CAGACCGGACGA
10317.000047596	TACACGCTGATG
10317.000047598	GCTTCATTTCTG
10317.000047602	GAATATACCTGG
10317.000047603	TGCTACAGACGT
10317.000047604	CTTAGGCATGTG
10317.000047605	ACGTTAATATTC
10317.000047606	CTGCGGATATAC
10317.000047607	AGGAAGTAACTT
10317.000047609	AGGACAAACTAT
10317.000047610	GTCAGTATGGCT
10317.000047611	AGTATATGTTTC
10317.000047620	CTGGTGCTGAAT
10317.000047664	CACCCTTGCGAC
10317.000047665	GTGCGAGGACAA
10317.000047666	TGGAGCCTTGTC
10317.000047667	ACGTGCCTTAGA
10317.000047680	CACTCTCCGGCA
10317.000047681	GAAGGAAAGTAG
10317.000047692	CGCACGTACCTC
10317.000047694	CAGTGCACGTCT
10317.000047695	GGTGCAGACAGA
10317.000047736	ACCACCGTAACC
10317.000047738	CCGCCAGCTTTG
10317.000047739	TAGACTTCAGAG
10317.000047776	ATATTGGCAGCC
10317.000047777	GTTAAGCTGACC
10317.000047778	ATTTGGCTCTTA
10317.000047779	TATGTGCCGGCT
10317.000047795	AACCGCATAAGT
10317.000047796	GAAGTAGCGAGC
10317.000047813	ATCGATCCACAG
10317.000048268	GGTACTGTACCA
10317.000048277	TAATCATGTAAT
10317.000048283	TATAATCCGAGG
10317.000048284	TCTTACCCATAA
10317.000048292	AAGTAGGAAGGA
10317.000048303	AAGCGTACATTG
10317.000048304	AAGATTTGCAGC
10317.000048309	GAGTTCCATTGG
10317.000048315	GTAGGTGCTTAC
10317.000048316	GTTTGCTCGAGA
10317.000048325	GGAGGAGCAATA
10317.000048326	TCATTCCACTCA
10317.000048329	TGACTGCGTTAG
10317.000048335	TGATTTAATTGC
10317.000049911	TTGTGTCTCCCT
10317.000049921	GTGGCGCATGGA
10317.000049925	TGGTTTCGAAGA
10317.000049928	GCAAAGGCCCGC
10317.000049933	CGTGGTGGGAAC
10317.000049934	TCTGATCGAGGT
10317.000049954	CTCCACATTCCT
10317.000049955	ACTAGTTGGACC
10317.000049956	TTGGACGTCCAC
10317.000049981	CATTCGTGGCGT
10317.000049985	TGGCGCACGGAC
10317.000049986	CCACTGCCCACC
10317.000050001	AATTTCCTAACA
10317.000050002	TATCCTGGTTTC
10317.000050004	AGTCCGAGTTGT
10317.000050009	CCTAAGAGCATC
10317.000050021	CAGTCCCTGCAC
10317.000050022	TTCTTAACGCCT
10317.000050029	AGCTATGTATGG
10317.000050031	ATCAAGATACGC
10317.000050032	TGCCTGCTCGAC
10317.000050045	CGAACGTCTATG
10317.000050046	AATCCGGTCACC
10317.000050047	GTCGTTACCCGC
10317.000050155	CGCAAGCCCGCG
10317.000050156	GCGCACACCTTC
10317.000050183	CAGTCTAGTACG
10317.000050184	GTCAGAGTATTG
10317.000050193	CTACTTACATCC
10317.000050194	GTTGGTTGGCAT
10317.000050228	TAAGCGTCTCGA
10317.000050231	GCCTACTCTCGG
10317.000050234	TGAGCGCACGCG
10317.000050235	GGCAGTGTTAAT
10317.000050236	TCACTGCTAGGA
10317.000050240	GTGTGCTAACGT
10317.000050241	GCCTAGCCCAAT
10317.000050242	GTTTATCTTAAG
10317.000050252	GATCCCACGTAC
10317.000050253	GGCTCGTCGGAG
10317.000050257	CTTCCAACTCAT
10317.000050261	TTCCCACCCATT
10317.000050262	TGAACCCTATGG
10317.000050265	TATACCGCTGCG
10317.000050267	CTGGTCTTACGG
10317.000050269	GACCCGTTTCGC
10317.000050273	CGGTTGGCGGGT
10317.000050281	TCCGCTGCTGAC
10317.000050282	GGCTTCGGAGCG
10317.000050283	TCTGGCTACGAC
10317.000050284	TTAGGATTCTAT
10317.000050285	CCACCGGGCCGA
10317.000050286	AGTAGTTTCCTT
10317.000050287	GTTCGCCGCATC
10317.000050288	CGCGTCAAACTA
10317.000050289	GTGACTAGTGAT
10317.000050290	CGGTCAATTGAC
10317.000050293	GTTCGAGTGAAT
10317.000050294	CGACCTCGCATA
10317.000050295	CAATAGAATAAG
10317.000050296	CACGCTATTGGA
10317.000050298	TATCTTCCTGAA
10317.000050326	CGGCCAGAAGCA
10317.000050335	TCTCGCACTGGA
10317.000050341	GACCACTGCTGT
10317.000050343	CTTATAGAGAAG
10317.000051076	GAACTCGCTATG
10317.000051094	GTTCGGTGTCCA
10317.000051099	GATGCGCAGGAC
10317.000051100	TAAGAAACGTCA
10317.000051111	GACGTCCCTCCA
10317.000051127	ACCCAAGCGTTA
10317.000051129	GTTAACTTACTA
10317.000051130	GCGAGGAAGTCC
10317.000051144	TTAGTTTGTCAC
10317.000051145	AAGTGGCTATCC
10317.000051159	ACTGGCAAACCT
10317.000051160	ACCAGTGACTCA
10317.000051171	ACGCGAACTAAT
10317.000051180	CTGATGTACACG
10317.000051193	CTCACCTAGGAA
10317.000051197	CAATATTCAATA
10317.000051204	GAGTCCGTTGCT
10317.000051210	AGGAACCAGACG
10317.000051231	TTACTTATCCGA
10317.000051232	ACGTATTCGAAG
10317.000051237	GCGGAGCACGTC
10317.000051238	CCGAGTACAATC
10317.000051239	TGCAACTTGCAG
10317.000051242	AACCGATGTACC
10317.000051244	GGTCTTAGCACC
10317.000051245	GTGAATGTTCGA
10317.000051255	CATGATTAAGAG
10317.000051256	GCGATGGCGATG
10317.000051257	GCTATATCCAGG
10317.000051258	TTATACGTTGTA
10317.000051264	CGCGCAAGTATT
10317.000051548	ATCCATGAGCGT
10317.000051557	CAGTGTCATGAA
10317.000051558	TCTTGCGGAGTC
10317.000051560	GTCACGGACATT
10317.000051561	AAGTCTTATCTC
10317.000051563	ACACCGCACAAT
10317.000051564	GTGTCGAGGGCA
10317.000051569	GATATACCAGTG
10317.000051582	TCATACAGCCAG
10317.000051989	GCATTCGGCGTT
10317.000051999	GCCGCCAGGGTC
10317.000052001	GTTCCATCGGCC
10317.000052008	ACGGCGTTATGT
10317.000052022	AATACAGACCTG
10317.000052030	TGGTGGAGTTTC
10317.000052031	TCTTATAACGCT
10317.000052034	AGGGACTTCAAT
10317.000052055	GAACCGTGCAGG
10317.000052061	CCGGCCGCGTGC
10317.000052063	GTTGCTGAGTCC
10317.000052065	GTCCTACACAGC
10317.000052067	ATAGTCCTTTAA
10317.000052260	TCCCGCCTACGC
10317.000052266	CGCTGGCTTTAG
10317.000052268	CCATCGACGCTC
10317.000052274	AGACAGTAGGAG
10317.000052280	CAGCCCTACCCA
10317.000052281	TCCGCCTAGTCG
10317.000052288	GAGAGTCCACTT
10317.000052289	CTAACCTCATAT
10317.000052324	TGAAAGCGGCGA
10317.000052327	GGTCCCGAAATT
10317.000052369	GTGACCCTGTCA
10317.000052370	AGCACCGGTCTT
10317.000052380	GATCTAATCGAG
10317.000052381	AGAAGGCCTTAT
10317.000052383	TAGGACGGGAGT
10317.000052384	GTTTGGCCACAC
10317.000052404	GATGCCTAATGA
10317.000052406	ATTTACAATTGA
10317.000052409	CAAACCTATGGC
10317.000052412	AATAGATGCTGA
10317.000052414	CGGAGAGACATG
10317.000052416	GTACGTCACTGA
10317.000052418	CCGCGTCTCAAC
10317.000052421	AGTGCAGGAGCC
10317.000052425	TAAGGTCGATAA
10317.000052426	TATGTTGACGGC
10317.000052429	TTCAGTTCGTTA
10317.000052430	ATGCCTCGTAAG
10317.000052431	CCTCGCATGACC
10317.000052432	AAGGCGCTCCTT
10317.000052448	ACAATCCCGAGT
10317.000052450	GGTCTCCTACAG
10317.000052453	GAGCCATCTGTA
10317.000052454	TTCCACACGTGG
10317.000052462	CTCCCACTAGAG
10317.000052463	ACAGTTGTACGC
10317.000052515	GCAAGAATACAT
10317.000052516	CTAGTCGCTGGT
10317.000052523	CTCAGCGGGACG
10317.000052524	ACTAAGTACCCG
10317.000053305	CTCTATTCCACC
10317.000053308	AGTTCGGCATTG
10317.000053310	CTTGAGAAATCG
10317.000053311	GGTCGAATTGCT
10317.000053316	ATATACCTGCGG
10317.000053317	GAGCGCCGAACA
10317.000053321	ATCATCTCGGCG
10317.000053324	GCAAGCTGTCTC
10317.000053326	GTCCTCGCGACT
10317.000053343	CCATGTGGCTCC
10317.000053344	ACAAGTGCTGCT
10317.000053348	TTGGTGCCTGTG
10317.000053352	TCAACTATGTCT
10317.000053353	GTCTATACATAT
10317.000053356	CACGAAAGCAGG
10317.000053357	GAATCTGACAAC
10317.000053371	ATTGGGACATAA
10317.000053373	ATGGCCTGACTA
10317.000053381	ACGGCCCTGGAG
10317.000053386	GTCATTGGGCTA
10317.000053387	CGTAAGATGCCT
10317.000053391	CTCTTCTGATCA
10317.000053398	TTACCCGCACAG
10317.000053399	CTAATATTTGAA
10317.000053401	CGATTCCTTAAT
10317.000053410	AACACCATCGAC
10317.000053413	TCAATGACCGCA
10317.000053417	CTTGTGCGACAA
10317.000053419	TGGCATGTTGGT
10317.000053424	CTTTGATAATAA
10317.000053425	TGCGCGCCTTCC
10317.000053429	TAGACCGACTCC
10317.000053430	TTCCGAATCGGC
10317.000053433	AAGATCGTACTG
10317.000053435	AACGTCCTGTGC
10317.000053436	GGTCCTTCCCGA
10317.000053439	CGCAATGAGGGA
10317.000053454	AGAGCGGAACAA
10317.000053457	ACATCAGGTCAC
10317.000053458	GCGTACGGGTGA
10317.000053459	AAGGGTTAGTCT
10317.000053463	TCCTAGGTCCGA
10317.000053468	TCATCCGTCGGC
10317.000053472	ACACGCGGTTTA
10317.000053475	GAACGATCATGT
10317.000053480	CACAATACACCG
10317.000053481	ATGGATAGCTAA
10317.000053482	GACATCTGACAC
10317.000053491	ATGCAACTCGAA
10317.000053496	CAGCTGGTTCAA
10317.000054004	TCCGACCCGATC
10317.000054054	CGCAGATTAGTA
10317.000054072	CTCAGGAGACTT
10317.000054094	GACCATGTAGTA
10317.000054099	ATAATTGCCGAG
10317.000054197	TGAGTTCGGTCC
10317.000054198	CTTTATGTGTCA
10317.000054205	GGAATCCGATTA
10317.000054206	TGGAATTCGGCT
10317.000054207	CTCATATGCTAT
10317.000054208	TTACCACATCTA
10317.000054309	ATTTCCGCTAAT
10317.000054310	GCCAAGGATAGG
10317.000054312	ATAGGAATAACC
10317.000054313	CAGGGTAGGGTA
10317.000054314	AGTGTTTCGGAC
10317.000054315	TGGACTCAGCTA
10317.000054318	GCCACCGCCGGA
10317.000054319	CTCACGCAATGC
10317.000054321	CCACAACGATCA
10317.000054323	TCGAGCCGATCT
10317.000054324	CATAAGGGAGGC
10317.000054325	TTGCACCGTCGA
10317.000054326	AATCTAACAATT
10317.000054328	TATAGGCTCCGC
10317.000054329	AGATTCGCTCGA
10317.000054330	GCGCGGCGTTGC
10317.000054333	CACCATCTCCGG
10317.000054334	CTTCGGAGGGAG
10317.000054336	GTACTCGAACCA
10317.000054338	AGACTTCTCAGG
10317.000058469	TGTTGCGTTTCT
10317.000058471	GGTGTGAGAAAG
10317.000058475	GGAGGGTACCGT
10317.000058478	AACCACTAACCG
10317.000058480	ACGCCGAGGTAG
10317.000058487	ATCGTTATATCA
10317.000058498	TTCAGCGATGGT
10317.000058508	ATTTGCTTTGCC
10317.000058509	TAGGAGAGACAG
10317.000058511	GAACAAAGAGCG
10317.000058512	TGGCCGTTACTG
10317.000058550	CCAGATATAGCA
10317.000058551	TATCGTTATCGT
10317.000058552	GTTGACCATCGC
10317.000058553	ATTCGGTAGTGC
10317.000059172	ACCGATTAGGTA
10317.000062070	GTCACCAATCCG
10317.000062072	TACGTTTGGCGA
10317.000062073	GTTCCCAACGGT
10317.000062074	TGGGACATATCC
10317.000062075	GTTGTATTATAC
10317.000062076	CACCTCCAAGGT
10317.000062077	GGAAGCTTAACT
10317.000062078	ACGGTGAAAGCG
10317.000062081	AGCCTGGTACCT
10317.000062082	GCACCAATCTGC
10317.000062083	ATAATCTAATCC
10317.000062084	CTCCTGTCCGGA
10317.000062085	CTAAATACCCTT
10317.000062086	GCCAGGCTTCCT
10317.000062087	ACCCTGGGTATC
10317.000062088	CCTGGTGTCCGT
10317.BLANK133.7B.r31	CCGAGGTATAAT
10317.BLANK133.7C.r31	TTAACAAGGCAA
10317.BLANK133.7D.r31	AAGTCACACACA
10317.BLANK133.7E.r31	TGGCAGCGAGCC
10317.BLANK133.7F.r31	CCGGCTTATGTG
10317.BLANK133.7G.r31	CGAATACTGACA
10317.BLANK133.7H.r31	ACACACCCTGAC
10317.BLANK135.9A.r31	GTAATTGTAATT
10317.BLANK135.9B.r31	TCTAACGAGTGC
10317.BLANK135.9C.r31	CGTTCCTTGTTA
10317.BLANK135.9D.r31	CGTCGCAGCCTT
10317.BLANK135.9E.r31	AGCGATTCCTCG
10317.BLANK135.9F.r31	CGTGAGGACCAG
10317.BLANK135.9G.r31	AGAGACGCGTAG
10317.BLANK135.9H.r31	GGACCTGGATGG
10317.BLANK136.10A.r31	GCGTGGTCATTA
10317.BLANK136.10B.r31	CCTGCACCTGCA
10317.BLANK136.10C.r31	TGGTGTTTATAT
10317.BLANK136.10D.r31	GTGCGGTTCACT
10317.BLANK136.10E.r31	TAGCGCGAACTT
10317.BLANK136.10F.r31	ATGTAGGCTTAG
10317.BLANK136.10G.r31	GCATTACTGGAC
10317.BLANK136.10H.r31	TCCGGACTCCTG
10317.BLANK137.11A.r31	GTCAATTAGTGG
10317.BLANK137.11B.r31	AGCCCGCAAAGG
10317.BLANK137.11C.r31	GGCCTATAAGTC
10317.BLANK137.11D.r31	CGCGGCGCAGCT
10317.BLANK137.11E.r31	AAGCCGGGTCCG
10317.BLANK137.11F.r31	CGAGGGAAAGTC
10317.BLANK137.11G.r31	CTTCAAGATGGA
10317.BLANK137.11H.r31	CTGTAAAGGTTG
10317.BLANK138.12A.r31	TAGGTAACCGAT
10317.BLANK138.12B.r31	GTCGGGCCGGTA
10317.BLANK138.12C.r31	GCTAGACACTAC
10317.BLANK138.12D.r31	TCGTCTGATATT
10317.BLANK138.12E.r31	CCAGCGCTTCAC
10317.BLANK138.12F.r31	AATAGTCGTGAC
10317.BLANK138.12G.r31	GAGGCCTCGGGT
10317.BLANK138.12H.r31	GACTTGGTAAAC
10317.BLANK143.5C.r31	GAGGTATTCTGA
10317.BLANK143.5D.r31	AGAGCTCCTCTG
10317.BLANK143.5E.r31	GAGCATTACATG
10317.BLANK143.5F.r31	AGACAAGCTTCC
10317.BLANK143.5G.r31	CATCCTGAGCAA
10317.BLANK143.5H.r31	GAATGACGTTTG
